"","Methode","Parametre"
"1","Spectrophotométrie (DCO)","DCO sur échantillon homogène"
"2","Potentiométrie (pH)","pH_insitu"
"3","Electrométrie (conductivité)","EC_25C_insitu"
"4","ICP-OES-1","MES"
"5","Chromatographie ionique","F"
"6","Chromatographie ionique","Chlorures"
"7","Chromatographie ionique","Br"
"8","ICP-OES-1","Sr"
"9","ICP-OES-1","Phosphore total"
"10","ICP-OES-1","Ni"
"11","ICP-OES-1","Na"
"12","ICP-OES-1","Mn"
"13","ICP-OES-1","Mg"
"14","ICP-OES-1","Li"
"15","ICP-OES-1","K"
"16","ICP-OES-1","Fe"
"17","ICP-OES-1","Cu"
"18","ICP-OES-1","Co"
"19","ICP-OES-1","Ca"
"20","ICP-OES-1","Ba"
"21","ICP-OES-1","B"
"22","ICP-OES-1","Si_f0.45um"
"23","ICP-OES-1","Zn_f0.45um"
"24","ICP-OES-1","Sr_f0.45um"
"25","ICP-OES-1","P_f0.45um"
"26","ICP-OES-1","Ni_f0.45um"
"27","ICP-OES-1","Na_f0.45um"
"28","ICP-OES-1","Mn_f0.45um"
"29","ICP-OES-1","Mg_f0.45um"
"30","ICP-OES-1","Li_f0.45um"
"31","ICP-OES-1","K_f0.45um"
"32","ICP-OES-1","Fe_f0.45um"
"33","ICP-OES-1","Cu_f0.45um"
"34","ICP-OES-1","Co_f0.45um"
"35","ICP-OES-1","Ca_f0.45um"
"36","ICP-OES-1","Ba_f0.45um"
"37","ICP-OES-1","B_f0.45um"
"38","ICP-OES-1","Zn"
"39","ICP-OES-2","Pb_sol"
"40","GC/MS/MS_Sol","Méthyl (2) fluoranthène solide"
"41","ICP-OES-2","Zn_sol"
"42","ICP-OES-2","Ba_sol"
"43","ICP-OES-1","Sb_f0.45um"
"44","ICP-OES-1","Bi_f0.45um"
"45","ICP-OES-1","Na_f8um"
"46","ICP-OES-1","Al_f8um"
"47","GC/MS(/MS) (L/L hexane)","PCB_138_f0.45um"
"48","GC/MS(/MS) (L/L hexane)","BghiPer_f0.45um"
"49","GC/MS(/MS) (L/L hexane)","Indèno (1,2,3-cd) pyrène"
"50","GC/MS(/MS) (L/L hexane)","PCB n°118"
"51","GC/MS(/MS) (L/L hexane)","Benzo (11,12)(k) fluoranthène"
"52","ICP-MS 2008/2016","Cd_F0.45um"
"53","GC/MS","Dibromomonochlorométhane"
"54","GC/MS(/MS) (L/L hexane)","Fluorène"
"55","LC/fluo","GLUFO"
"56","ICP-OES-2","Ni_sol"
"57","GC/MS/MS_Sol","Anthracène solide"
"58","GC/MS/MS_Sol","PCB_118_sol"
"59","GC/MS/MS_Sol","Pyrène solide"
"60","Perte au feu (calcination à 550°C)","MV_550C"
"61","ICP-OES-2","Fe_sol"
"62","ICP-OES-2","B_sol"
"63","ICP-OES-2","Ti_sol"
"64","ICP-OES-1","Se"
"65","ICP-OES-1","Fe_f8um"
"66","ICP-MS 2008/2016","V_f8um"
"67","ICP-OES-1","Se_F0.45um"
"68","ICP-MS 2008/2016","V_f0.45um"
"69","ICP-OES-1","Mg_F8um"
"70","ICP-OES-1","B_F0.45um"
"71","ICP-OES-1","P_F0.45um"
"72","ICP-MS 2008/2016","Cu_f0.45um"
"73","Oxydation par persulfate en milieu acide","Carbone organique total"
"74","ICP-OES-1","Li_F0.45um"
"75","ICP-OES-1","Al_f0.45um"
"76","ICP-MS 2008/2016","As_f0.45um"
"77","ICP-MS 2008/2016","Ni"
"78","ICP-OES-2","K_sol"
"79","ICP-OES-2","As_sol"
"80","GC/MS/MS_Sol","Phénanthrène solide"
"81","Granulométrie à diffraction laser-2-1","Granulo_D10"
"82","ICP-OES-2","Mo_sol"
"83","ICP-OES-1","Ba_F0.45um"
"84","ICP-OES-1","Mn_F8um"
"85","ICP-MS 2008/2016","Zn_f0.45um"
"86","ICP-OES-1","Se_f8um"
"87","ICP-OES-1","Ca_f8um"
"88","ICP-OES-1","Al"
"89","Spectrophotométrie (phosphore)","Phosphates"
"90","ICP-OES-1","Ca_F0.45um"
"91","ICP-OES-1","Na_F8um"
"92","ICP-MS 2008/2016","Cu"
"93","ICP-OES-1","Ti_f0.45um"
"94","ICP-MS 2008/2016","Cr"
"95","ICP-MS 2008/2016","As"
"96","ICP-OES-2","V_sol"
"97","ICP-OES-2","Cr_sol"
"98","Volumétrie (CO2 dégagé par attaque HCl)","CaCO3_sol"
"99","ICP-OES-2","Li_sol"
"100","Granulométrie à diffraction laser-2-1","Granulo_D50"
"101","ICP-OES-2","Na_sol"
"102","ICP-MS 2008/2016","Cd_f0.45um"
"103","ICP-OES-1","P_f8um"
"104","ICP-OES-1","B_f8um"
"105","ICP-MS 2008/2016","Pb_F0.45um"
"106","ICP-OES-1","Mo_F8um"
"107","ICP-OES-1","Al_F8um"
"108","Oxydation par persulfate en milieu acide","Carbone organique dissous"
"109","ICP-OES-1","Mo"
"110","ICP-MS 2008/2016","Pb_f0.45um"
"111","Filtration sur filtre en fibres de verre","MES"
"112","ICP-OES-1","Ba_f8um"
"113","ICP-MS 2008/2016","Cu_F8um"
"114","ICP-OES-1","Sb_F0.45um"
"115","ICP-OES-1","Be_F0.45um"
"116","Oxydation sulfochromique + IR","COT_sol"
"117","ICP-OES-2","Mg_sol"
"118","Granulométrie à diffraction laser-2-1","Granulo_D90"
"119","ICP-OES-2","P_sol"
"120","ICP-OES-2","Bi_sol"
"121","ICP-OES-2","Cu_sol"
"122","GC/MS(/MS) (L/L hexane)","Pyr_f0.45um"
"123","GC/MS(/MS) (L/L hexane)","Acénaphtène"
"124","GC/MS(/MS) (L/L hexane)","Pyrène"
"125","GC/MS/MS_Sol","PCB_52_sol"
"126","GC/MS/MS_Sol","Acénaphtylène solide"
"127","ICP-OES-2","Mn_sol"
"128","GC/MS/MS_Sol","Benzo(3,4)(a)pyrène solide"
"129","ICP-OES-1","Al_f3kDa"
"130","ICP-OES-1","Na_f3kDa"
"131","ICP-OES-1","Mn_F0.45um"
"132","ICP-OES-1","K_f8um"
"133","GC/MS/MS_Sol","Indèno (1,2,3-cd) pyrène solide"
"134","GC/MS/MS_Sol","Dibenzo(ah)anthracène solide"
"135","GC/MS/MS_Sol","PCB_138_sol"
"136","GC/MS/MS_Sol","Benzo (11,12)(k) fluoranthène solide"
"137","GC/MS(/MS) (L/L hexane)","Acénaphtylène"
"138","GC/MS(/MS) (L/L hexane)","PCB n°28"
"139","Chromatographie ionique","Nitrates"
"140","ICP-OES-1","Sr_f8um"
"141","Spectrophotométrie (nitrites)","Nitrites"
"142","ICP-OES-1","Bi_f3kDa"
"143","ICP-OES-1","Sr_f3kDa"
"144","ICP-OES-1","Bi_F0.45um"
"145","ICP-OES-1","Sr_F0.45um"
"146","ICP-MS 2008/2016","V_f3kDa"
"147","ICP-OES-1","Al_F0.45um"
"148","ICP-MS 2008/2016","As_f3kDa"
"149","ICP-OES-1","Sb_f8um"
"150","ICP-OES-1","B_f3kDa"
"151","ICP-OES-1","Sb_f3kDa"
"152","Chromatographie ionique","Sulfates"
"153","ICP-OES-1","Ti_F8um"
"154","ICP-MS 2008/2016","Zn_F0.45um"
"155","ICP-OES-1","Fe_F0.45um"
"156","Titrimétrie","Titre alcalimétrique (TA)"
"157","ICP-OES-1","Co_f8um"
"158","ICP-MS 2008/2016","Ni_F8um"
"159","ICP-MS 2008/2016","Ni_F0.45um"
"160","ICP-OES-1","Li_f8um"
"161","Titrimétrie","Titre alcalimétrique complet (TAC)"
"162","ICP-MS 2008/2016","As_f8um"
"163","ICP-OES-1","Mn_f3kDa"
"164","ICP-OES-1","Co_F0.45um"
"165","Électrochimie","O2_insitu"
"166","ICP-OES-1","Ca_F8um"
"167","ICP-MS 2008/2016","Cu_f8um"
"168","ICP-MS 2008/2016","Cu_F0.45um"
"169","Fluorescence X labo_sol","V_sol"
"170","Fluorescence X labo_sol","Ti_sol"
"171","Fluorescence X labo_sol","Sr_sol"
"172","Fluorescence X labo_sol","Pb_sol"
"173","Fluorescence X labo_sol","P_sol"
"174","Fluorescence X labo_sol","Ni_sol"
"175","Fluorescence X labo_sol","Mo_sol"
"176","Fluorescence X labo_sol","Mn_sol"
"177","Fluorescence X labo_sol","Mg_sol"
"178","Fluorescence X labo_sol","K_sol"
"179","Fluorescence X labo_sol","Fe_sol"
"180","Fluorescence X labo_sol","Cu_sol"
"181","Fluorescence X labo_sol","Cr_sol"
"182","Fluorescence X labo_sol","Co_sol"
"183","Fluorescence X labo_sol","Cd_sol"
"184","Fluorescence X labo_sol","Ca_sol"
"185","Fluorescence X labo_sol","Ba_sol"
"186","Fluorescence X labo_sol","As_sol"
"187","Étuvage non ventilé à 105°C + Gravimétrie","MS"
"188","Fluorescence X labo_sol","Zn_sol"
"189","Fluorescence X in situ","Zn_sol"
"190","Fluorescence X in situ","V_sol"
"191","Fluorescence X in situ","Ti_sol"
"192","Fluorescence X in situ","Sr_sol"
"193","Fluorescence X in situ","Pb_sol"
"194","Fluorescence X in situ","Ni_sol"
"195","Fluorescence X in situ","Mo_sol"
"196","Fluorescence X in situ","Mn_sol"
"197","Fluorescence X in situ","K_sol"
"198","Fluorescence X in situ","Fe_sol"
"199","Fluorescence X in situ","Cu_sol"
"200","Fluorescence X in situ","Cr_sol"
"201","Fluorescence X in situ","Co_sol"
"202","Fluorescence X in situ","Ca_sol"
"203","Fluorescence X in situ","Ba_sol"
"204","Fluorescence X in situ","As_sol"
"205","Fluorescence X in situ","Al_sol"
"206","Fluorescence X in situ","P_sol"
"207","Fluorescence X in situ","Si_sol"
"208","Extraction CaCl2 + ICP-OES","Ti_CaCl2"
"209","Extraction CaCl2 + ICP-OES","Sr_CaCl2"
"210","Extraction CaCl2 + ICP-MS","Pb_CaCl2"
"211","Extraction CaCl2 + ICP-OES","P_CaCl2"
"212","Extraction CaCl2 + ICP-MS","Ni_CaCl2"
"213","Extraction CaCl2 + ICP-OES","Na_CaCl2"
"214","Extraction CaCl2 + ICP-OES","Mo_CaCl2"
"215","Extraction CaCl2 + ICP-OES","Mn_CaCl2"
"216","Extraction CaCl2 + ICP-OES","Mg_CaCl2"
"217","Extraction CaCl2 + ICP-OES","K_CaCl2"
"218","Extraction CaCl2 + ICP-OES","Fe_CaCl2"
"219","Extraction CaCl2 + ICP-OES","Cu_CaCl2"
"220","Extraction CaCl2 + ICP-MS","Cr_CaCl2"
"221","Extraction CaCl2 + ICP-OES","Co_CaCl2"
"222","Extraction CaCl2 + ICP-MS","Cd_CaCl2"
"223","Extraction CaCl2 + ICP-OES","Ba_CaCl2"
"224","Extraction CaCl2 + ICP-MS","As_CaCl2"
"225","Extraction CaCl2 + ICP-OES","Al_CaCl2"
"226","Extraction CaCl2 + ICP-MS","Zn_CaCl2"
"227","Extraction CaCl2 + ICP-MS","V_CaCl2"
"228","Extraction CaCl2 + ICP-MS","Cu_CaCl2"
"229","Thermométrie","T_insitu"
"230","ICP-MS 2008/2016","Cd"
"231","ICP-MS 2008/2016","Cd_f8um"
"232","ICP-OES-1","Mo_F0.45um"
"233","Méthode Kjeldahl","Azote Kjeldahl"
"234","Étuvage non ventilé à 105°C","Res.Sec"
"235","ICP-OES-1","Mg_F0.45um"
"236","ICP-OES-1","Sr_F8um"
"237","ICP-OES-1","Bi_F8um"
"238","ICP-MS 2008/2016","Cr_F0.45um"
"239","GC/MS(/MS) (L/L hexane)","Biphényl"
"240","GC/MS(/MS) (L/L hexane)","PCB n°194"
"241","ICP-OES-1","Tl_F8um"
"242","ICP-MS 2008/2016","Cd_F8um"
"243","ICP-OES-1","Ba_F8um"
"244","GC/MS(/MS) (L/L hexane)","PCB_118_f0.45um"
"245","GC/MS(/MS) (L/L hexane)","BkFla_f0.45um"
"246","GC/MS(/MS)","Acénaphtène"
"247","GC/MS(/MS)","Acénaphtylène"
"248","GC/MS(/MS)","Anthracène"
"249","Entrainement vapeur + Titrimétrie (ammonium)","Azote ammoniacal"
"250","Calcul Azote global","Azote global"
"251","GC/MS(/MS)","Benzo (1,12)(ghi) pérylène"
"252","GC/MS(/MS)","Benzo (11,12)(k) fluoranthène"
"253","GC/MS(/MS)","Benzo (3,4)(a) pyrène"
"254","GC/MS(/MS)","Benzo (3,4)(b) fluoranthène"
"255","GC/MS(/MS)","Benzo (a) anthracène"
"256","GC/MS(/MS)","Biphényl"
"257","Oxydation par persulfate en milieu acide","Carbone inorganique dissous"
"258","Oxydation par persulfate en milieu acide","Carbone inorganique total"
"259","Titrimétrie chlorure","Chlorures"
"260","GC/MS(/MS)","Chrysène"
"261","Potentiométrie IDAC","DBO5 sur échantillon homogène"
"262","Titrimétrie DCO","DCO sur échantillon homogène"
"263","GC/MS(/MS)","Dibenzo (ah) anthracène"
"264","GC/MS(/MS)","Fluoranthène"
"265","GC/MS(/MS)","Fluorène"
"266","CPG-1","Indice hydrocarbures (C10-C40)"
"267","GC/MS(/MS)","Indèno (1,2,3-cd) pyrène"
"268","GC/MS(/MS)","Méthyl (2) Fluoranthène"
"269","GC/MS(/MS)","Méthyl (2) Naphtalène"
"270","GC/MS(/MS)","Naphtalène"
"271","Flux continu Azote","Nitrates"
"272","Flux continu Azote","Nitrites"
"273","GC/MS(/MS)","PCB n°101"
"274","GC/MS(/MS)","PCB n°118"
"275","GC/MS(/MS)","PCB n°138"
"276","GC/MS(/MS)","PCB n°153"
"277","GC/MS(/MS)","PCB n°180"
"278","GC/MS(/MS)","PCB n°194"
"279","GC/MS(/MS)","PCB n°28"
"280","GC/MS(/MS)","PCB n°52"
"281","GC/MS(/MS)","Phénanthrène"
"282","Colorimétrie","Phosphates"
"283","Colorimétrie","Phosphore total"
"284","GC/MS(/MS)","Pyrène"
"285","Titrimétrie Alcalinité","Titre alcalimétrique (TA)"
"286","Titrimétrie Alcalinité","Titre alcalimétrique complet (TAC)"
"287","Lumex_Liq","Hg"
"288","GC/MS(/MS) (L/L hexane)","PCB n°52"
"289","ICP-OES-1","Co_F8um"
"290","GC/MS(/MS) (L/L hexane)","Naphtalène"
"291","Méthode inconnue liquide","Ni"
"292","Méthode inconnue liquide","Sulfates"
"293","ICP-OES-1","Be_f8um"
"294","ICP-OES-1","B_F8um"
"295","GC/MS(/MS) (L/L hexane)","Dibenzo (ah) anthracène"
"296","Thermométrie","T_labo"
"297","GC/MS(/MS) (L/L hexane)","Phe_f0.45um"
"298","ICP-OES-1","K_F8um"
"299","ICP-OES-1","Be"
"300","ICP-OES-1","Ba_f3kDa"
"301","ICP-OES-1","Ti_f8um"
"302","ICP-MS 2008/2016","Hg"
"303","CPG/MS-2","Ethylbenzène"
"304","CPG/MS-1","Tétrachloroéthylène (=perchloroéthylène)"
"305","ICP-OES-1","Tl"
"306","ICP-OES-1","Mg_f8um"
"307","ICP-OES-1","Be_f0.45um"
"308","ICP-OES-1","Se_f0.45um"
"309","ICP-OES-1","Fe_f3kDa"
"310","ICP-MS 2008/2016","As_F8um"
"311","ICP-OES-1","P_F8um"
"312","ICP-MS 2008/2016","Cr_f3kDa"
"313","Spectrophotométrie (ammonium)","Azote ammoniacal"
"314","ICP-OES-1","Be_F8um"
"315","Chromatographie ionique","SO42_f8um"
"316","CPG/MS-1","Trichlorofluorométhane (= fréon 11)"
"317","GC/MS(/MS) (L/L hexane)","Méthyl (2) Naphtalène"
"318","Analyse en flux pour indice phénol-1","Indice de phénol"
"319","GC/MS(/MS) (L/L hexane)","PCB n°153"
"320","GC/MS(/MS) (L/L hexane)","Chrysène"
"321","CPG/MS-1","Dibromomonochlorométhane"
"322","GC/MS(/MS) (L/L hexane)","Benzo (3,4)(b) fluoranthène"
"323","ICP-OES-1","Fe_F8um"
"324","ICP-MS 2008/2016","Pb_f3kDa"
"325","ICP-MS 2008/2016","Pb_f8um"
"326","ICP-OES-1","Ti_f3kDa"
"327","ICP-OES-1","Ti_F0.45um"
"328","ICP-OES-1","Ca_f3kDa"
"329","ICP-OES-1","K_F0.45um"
"330","ICP-OES-1","P_f3kDa"
"331","ICP-MS 2008/2016","Cr_F8um"
"332","ICP-MS 2008/2016","Zn_F8um"
"333","Potentiométrie","Eh_corr_insitu"
"334","ICP-OES-1","Se_f3kDa"
"335","ICP-MS 2008/2016","Ni_f8um"
"336","ICP-OES-1","Si"
"337","ICP-MS 2008/2016","As_F0.45um"
"338","ICP-OES-1","Co_f3kDa"
"339","GC/MS(/MS) (L/L hexane)","PCB n°138"
"340","ICP-OES-1","Be_f3kDa"
"341","ICP-OES-1","Li_F8um"
"342","ICP-OES-1","Tl_f0.45um"
"343","ICP-OES-1","Mn_f8um"
"344","ICP-OES-1","Mg_f3kDa"
"345","ICP-OES-1","Tl_f8um"
"346","ICP-MS 2008/2016","Zn_f3kDa"
"347","ICP-MS 2008/2016","Zn"
"348","ICP-MS 2008/2016","Zn_f8um"
"349","ICP-OES-1","Tl_f3kDa"
"350","ICP-MS 2008/2016","Pb"
"351","GC/MS(/MS) (L/L hexane)","Fluoranthène"
"352","ICP-OES-1","Ti"
"353","ICP-OES-1","Bi"
"354","ICP-MS 2008/2016","V"
"355","ICP-OES-1","Sb"
"356","ICP-MS 2008/2016","Cd_f3kDa"
"357","GC/MS","Dichlorométhane"
"358","ICP-OES-1","Na_F0.45um"
"359","Electrométrie (conductivité)","EC_25C_labo"
"360","ICP-MS 2008/2016","Cr_f0.45um"
"361","Potentiométrie (pH)","pH_labo"
"362","ICP-OES-1","Mo_f0.45um"
"363","ICP-MS 2008/2016","Ni_f0.45um"
"364","ICP-OES-1","Mo_f3kDa"
"365","ICP-MS 2008/2016","Pb_F8um"
"366","GC/MS(/MS) (L/L hexane)","Ace_f0.45um"
"367","GC/MS(/MS) (L/L hexane)","PCB_28_f0.45um"
"368","GC/MS","Chloroforme (= Trichlorométhane)"
"369","ICP-OES-1","Ag"
"370","ICP-MS 2008/2016","V_F8um"
"371","ICP-OES-1","Mo_f8um"
"372","ICP-OES-1","Ag_F0.45um"
"373","ICP-MS 2008/2016","V_F0.45um"
"374","ICP-OES-1","Sb_F8um"
"375","GC/MS(/MS) (L/L hexane)","Biphenyl_f0.45um"
"376","GC/MS(/MS) (L/L hexane)","PCB_194_f0.45um"
"377","GC/MS(/MS) (L/L hexane)","Benzo (a) anthracène"
"378","GC/MS(/MS) (L/L hexane)","PCB n°180"
"379","ICP-MS 2008/2016","Cr_f8um"
"380","ICP-1","As"
"381","ICP-MS 2008/2016","Pt_f0.45um"
"382","ICP-1","As_f0.45um"
"383","ICP-MS 2008/2016","Pt"
"384","GC/MS(/MS) (L/L hexane)","Benzo (3,4)(a) pyrène"
"385","ICP-OES-1","Ag_F8um"
"386","Potentiométrie","Eh_corr_labo"
"387","ICP-OES-1","Ag_f8um"
"388","GC/MS(/MS) (L/L hexane)","BaAnt_f0.45um"
"389","GC/MS(/MS) (L/L hexane)","Phénanthrène"
"390","GC/MS(/MS) (L/L hexane)","Méthyl (2) Fluoranthène"
"391","ICP-OES-1","Bi_f8um"
"392","GC/MS(/MS) (L/L hexane)","Anthracène"
"393","GC/MS(/MS) (L/L hexane)","PCB n°101"
"394","ICP-OES-2","Cd_sol"
"395","GC/MS/MS_Sol","Acénaphtène solide"
"396","ICP-OES-2","Se_sol"
"397","ICP-OES-2","Co_sol"
"398","ICP-OES-2","Ca_sol"
"399","ICP-OES-2","Al_sol"
"400","Méthode inconnue liquide","Cr"
"401","Méthode inconnue liquide","Cu"
"402","Méthode inconnue liquide","Zn"
"403","Méthode inconnue liquide","Pb"
"404","Méthode inconnue liquide","Fe"
"405","Méthode inconnue liquide","Hg"
"406","Méthode inconnue liquide","As"
"407","Méthode inconnue liquide","pH_insitu"
"408","Méthode inconnue liquide","EC_25C_insitu"
"409","Méthode inconnue liquide","Azote ammoniacal"
"410","Méthode inconnue liquide","Nitrites"
"411","Méthode inconnue liquide","Nitrates"
"412","Méthode inconnue liquide","Chlorures"
"413","Méthode inconnue liquide","MES"
"414","Méthode inconnue liquide","DCO sur échantillon homogène"
"415","Méthode inconnue liquide","DBO5 sur échantillon homogène"
"416","Méthode inconnue liquide","HCT"
"417","Méthode inconnue liquide","Indice de phénol"
"418","Méthode inconnue liquide","Cd"
"419","Lumex_Liq","Hg_f0.45um"
"420","ICP-OES-1","As_f0.45um"
"421","ICP-OES-1","Cd_f0.45um"
"422","ICP-OES-1","Cr_f0.45um"
"423","ICP-OES-1","As"
"424","ICP-OES-1","Cd"
"425","ICP-OES-1","Cr"
"426","ICP-OES-1","Pb_f0.45um"
"427","ICP-OES-1","V_f0.45um"
"428","ICP-OES-1","Pb"
"429","ICP-OES-1","V"
"430","ICP-2","As_sol"
"431","ICP-2","Ba_sol"
"432","ICP-2","Ca_sol"
"433","ICP-2","Cd_sol"
"434","ICP-2","Co_sol"
"435","ICP-2","Cr_sol"
"436","ICP-2","Cu_sol"
"437","ICP-2","Fe_sol"
"438","ICP-2","K_sol"
"439","ICP-2","Mg_sol"
"440","ICP-2","Mn_sol"
"441","ICP-2","Mo_sol"
"442","ICP-2","Na_sol"
"443","ICP-2","Ni_sol"
"444","ICP-2","P_sol"
"445","ICP-2","Pb_sol"
"446","ICP-2","Sr_sol"
"447","ICP-2","Ti_sol"
"448","ICP-2","V_sol"
"449","ICP-2","Zn_sol"
"450","ICP-MS 2017/20xx-1","Zn"
"451","ICP-MS 2017/20xx-1","V"
"452","ICP-MS 2017/20xx-1","Ti"
"453","ICP-MS 2017/20xx-1","Se"
"454","ICP-MS 2017/20xx-1","Sb"
"455","ICP-MS 2017/20xx-1","Pb"
"456","ICP-MS 2017/20xx-1","Ni"
"457","ICP-MS 2017/20xx-1","Mo"
"458","ICP-MS 2017/20xx-1","Cu"
"459","ICP-MS 2017/20xx-1","Cr"
"460","ICP-MS 2017/20xx-1","Co"
"461","ICP-MS 2017/20xx-1","Cd"
"462","ICP-MS 2017/20xx-1","As"
"463","ICP-MS 2017/20xx-1","Zn_f0.45um"
"464","ICP-MS 2017/20xx-1","V_f0.45um"
"465","ICP-MS 2017/20xx-1","Ti_f0.45um"
"466","ICP-MS 2017/20xx-1","Se_f0.45um"
"467","ICP-MS 2017/20xx-1","Sb_f0.45um"
"468","ICP-MS 2017/20xx-1","Pb_f0.45um"
"469","ICP-MS 2017/20xx-1","Ni_f0.45um"
"470","ICP-MS 2017/20xx-1","Mo_f0.45um"
"471","ICP-MS 2017/20xx-1","Cu_f0.45um"
"472","ICP-MS 2017/20xx-1","Cr_f0.45um"
"473","ICP-MS 2017/20xx-1","Co_f0.45um"
"474","ICP-MS 2017/20xx-1","Cd_f0.45um"
"475","ICP-MS 2017/20xx-1","As_f0.45um"
"476","ICP-2","Al_sol"
"477","ICP-OES-1","Se_F8um"
"478","ICP-MS 2008/2016","Ni_f3kDa"
"479","ICP-OES-1","Li_f3kDa"
"480","ICP-OES-1","K_f3kDa"
"481","ICP-MS 2008/2016","Cu_f3kDa"
"482","ICP-OES-1","Ag_f3kDa"
"483","ICP-OES-1","Ag_f0.45um"
"484","GC/MS(/MS) (L/L hexane)","Benzo (1,12)(ghi) pérylène"
"485","GC/MS(/MS) (L/L hexane)","Acy_f0.45um"
"486","GC/MS(/MS) (L/L hexane)","Ant_f0.45um"
"487","GC/MS(/MS) (L/L hexane)","BbFla_f0.45um"
"488","GC/MS(/MS) (L/L hexane)","BaPyr_f0.45um"
"489","GC/MS(/MS) (L/L hexane)","Chry_f0.45um"
"490","GC/MS(/MS) (L/L hexane)","dBahAnt_f0.45um"
"491","GC/MS(/MS) (L/L hexane)","Fla_f0.45um"
"492","GC/MS(/MS) (L/L hexane)","Fle_f0.45um"
"493","GC/MS(/MS) (L/L hexane)","IndPyr_f0.45um"
"494","GC/MS(/MS) (L/L hexane)","2metFla_f0.45um"
"495","GC/MS(/MS) (L/L hexane)","2metNap_f0.45um"
"496","GC/MS(/MS) (L/L hexane)","Nap_f0.45um"
"497","GC/MS(/MS) (L/L hexane)","PCB_52_f0.45um"
"498","GC/MS(/MS) (L/L hexane)","PCB_101_f0.45um"
"499","GC/MS(/MS) (L/L hexane)","PCB_153_f0.45um"
"500","GC/MS(/MS) (L/L hexane)","PCB_180_f0.45um"
"501","ICP-OES-1","Tl_F0.45um"
"502","ICP-MS 2008/2016","Hg_f3kDa"
"503","ICP-MS 2008/2016","Hg_f0.45um"
"504","ICP-MS 2008/2016","Hg_f8um"
"505","CPG/MS-2","Benzène"
"506","CPG/MS-2","Toluène"
"507","CPG/MS-2","Xylène méta+para (=m+p-Xylène)"
"508","CPG/MS-2","Xylène-ortho (=o-Xylène)"
"509","CPG/MS-1","Chloroforme (= Trichlorométhane)"
"510","CPG/MS-1","Trichloroéthane 1,1,1"
"511","CPG/MS-1","Dichloroéthane 1,2"
"512","CPG/MS-1","Tétrachlorure de carbone (=tétrachloromé"
"513","CPG/MS-1","Trichloroéthylène"
"514","CPG/MS-1","Trichloroéthane 1,1,2"
"515","CPG/MS-1","Bromoforme (= tribromométhane)"
"516","Électrochimie","O2_labo"
"517","Chromatographie ionique","F_f8um"
"518","Chromatographie ionique","Cl_f8um"
"519","Chromatographie ionique","NO3_f8um"
"520","Spectrophotométrie (phosphore)","PO43_f8um"
"521","Oxydation par persulfate en milieu acide","COD_f8um"
"522","Chromatographie ionique","F_f3kDa"
"523","Chromatographie ionique","Cl_f3kDa"
"524","Chromatographie ionique","SO42_f3kDa"
"525","Chromatographie ionique","NO3_f3kDa"
"526","Spectrophotométrie (phosphore)","PO43_f3kDa"
"527","NF EN 1899 (1998)","DBO5 sur échantillon homogène"
"528","Spectrophotométrie (sulfures)","Sulfures"
"529","ICP-OES-1","Si_f3kDa"
"530","ICP-OES-1","Si_f8um"
"531","GC/MS","Tétrachlorure de carbone (=tétrachloromé"
"532","GC/MS","Trichlorofluorométhane (= fréon 11)"
"533","GC/MS","Bromoforme (= tribromométhane)"
"534","GC/MS","Trichloroéthane 1,1,2"
"535","GC/MS","Trichloroéthane 1,1,1"
"536","GC/MS","Dichloroéthane 1,2"
"537","GC/MS","Tétrachloroéthylène (=perchloroéthylène)"
"538","GC/MS","Trichloroéthylène"
"539","GC/MS","Toluène"
"540","GC/MS","Ethylbenzène"
"541","GC/MS","Xylène-ortho (=o-Xylène)"
"542","GC/MS","Xylène méta+para (=m+p-Xylène)"
"543","GC/MS","Xylene"
"544","GC/MS","Benzène"
"545","ICP-OES-2","Sr_sol"
"546","Lumex_Sol","Hg_sol"
"547","ICP-MS 2008/2016","Pt_sol"
"548","Méthode inconnue solide","Xylene_sol"
"549","Méthode inconnue solide","Ethylbenzene_sol"
"550","Méthode inconnue solide","Toluene_sol"
"551","Méthode inconnue solide","Benzene_sol"
"552","GC/MS/MS_Sol","PCB_180_sol"
"553","GC/MS/MS_Sol","PCB_153_sol"
"554","GC/MS/MS_Sol","PCB_101_sol"
"555","GC/MS/MS_Sol","PCB_28_sol"
"556","GC/MS/MS_Sol","Naphtalène solide"
"557","GC/MS/MS_Sol","Méthyl (2) naphtalène solide"
"558","GC/MS/MS_Sol","Fle_sol"
"559","GC/MS/MS_Sol","Fla_sol"
"560","GC/MS/MS_Sol","Chry_sol"
"561","GC/MS/MS_Sol","Benzo(1,12)(ghi)pérylène solide"
"562","GC/MS/MS_Sol","Benzo(3,4)(b)fluoranthène solide"
"563","GC/MS/MS_Sol","Benzo(a)anthracène solide"
"564","ICP-OES-2","Si_sol"
"565","Perte au feu (calcination à 550°C)","MV_450C"
"566","Électrochimie (conductivité) (solution 1/5 < 2 mm)","EC_sol"
"567","Potentiométrie-1 (solution 1/5)","pH_sol"
"568","Fluorescence X in situ","Cd_sol"
"569","LC/MS/MS","MCPP"
"570","LC/MS/MS","Isoproturon"
"571","LC/fluo","Glufosinate (y compris sulfosate)"
"572","LC/MS/MS","Diflufénicanil"
"573","LC/MS/MS","Carbendazime"
"574","LC/fluo","AMPA"
"575","LC/MS/MS","MCPA"
"576","ICP-1","Cu_f0.45um"
"577","ICP-1","Ni_f0.45um"
"578","ICP-1","V_f0.45um"
"579","ICP-1","Cu"
"580","ICP-1","Ni"
"581","ICP-1","V"
"582","Fluorescence X labo_sol","Si_sol"
"583","Fluorescence X labo_sol","Al_sol"
"584","Fluorescence X labo_liq","Al"
"585","Fluorescence X labo_liq","As"
"586","Fluorescence X labo_liq","Ba"
"587","Fluorescence X labo_liq","Ca"
"588","Fluorescence X labo_liq","Co"
"589","Fluorescence X labo_liq","Cr"
"590","Fluorescence X labo_liq","Cu"
"591","Fluorescence X labo_liq","Fe"
"592","Fluorescence X labo_liq","K"
"593","Fluorescence X labo_liq","Mn"
"594","Fluorescence X labo_liq","Mo"
"595","Fluorescence X labo_liq","Ni"
"596","Fluorescence X labo_liq","Phosphore total"
"597","Fluorescence X labo_liq","Pb"
"598","Fluorescence X labo_liq","Sr"
"599","Fluorescence X labo_liq","Ti"
"600","Fluorescence X labo_liq","V"
"601","Fluorescence X labo_liq","Zn"
"602","Fluorescence X labo_liq","Si"
"603","Analyse en flux pour indice phénol-2","Indice de phénol solide"
"604","CPG-2","Indice hydrocarbures (C10-C40) (sur sec) solide"
"605","Méthode interne","AOX_sol"
"606","Barbotage milieu acide + Spectrophotométrie","Sulfures_sol"
"607","Méthode inconnue liquide","pH_labo"
"608","ICP-MS 2017/20xx-1","Mn"
"609","ICP-MS 2017/20xx-1","Sr"
"610","ICP-MS 2017/20xx-1","Tl"
"611","ICP-MS 2017/20xx-1","Pt"
"612","ICP-MS 2017/20xx-1","Pd"
"613","ICP-MS 2017/20xx-1","Rh"
"614","ICP-MS 2017/20xx-1","Mn_f0.45um"
"615","ICP-MS 2017/20xx-1","Sr_f0.45um"
"616","ICP-MS 2017/20xx-1","Tl_f0.45um"
"617","ICP-MS 2017/20xx-1","Pt_f0.45um"
"618","ICP-MS 2017/20xx-1","Pd_f0.45um"
"619","ICP-MS 2017/20xx-1","Rh_f0.45um"
"620","ICP-MS 2017/20xx-1","As_F0.45um"
"621","ICP-MS 2017/20xx-1","Cd_F0.45um"
"622","ICP-MS 2017/20xx-1","Co_F0.45um"
"623","ICP-MS 2017/20xx-1","Cr_F0.45um"
"624","ICP-MS 2017/20xx-1","Cu_F0.45um"
"625","ICP-MS 2017/20xx-1","Pt_F0.45um"
"626","ICP-MS 2017/20xx-1","Mo_F0.45um"
"627","ICP-MS 2017/20xx-1","Ni_F0.45um"
"628","ICP-MS 2017/20xx-1","Pb_F0.45um"
"629","ICP-MS 2017/20xx-1","Se_F0.45um"
"630","ICP-MS 2017/20xx-1","Sr_F0.45um"
"631","ICP-MS 2017/20xx-1","Ti_F0.45um"
"632","ICP-MS 2017/20xx-1","V_F0.45um"
"633","ICP-MS 2017/20xx-1","Zn_F0.45um"
"634","ICP-MS 2017/20xx-1","Rh_F0.45um"
"635","LC/MS/MS INOVALYS","Vamidothion"
"636","LC/MS/MS INOVALYS","Trinexapac éthyl"
"637","LC/MS/MS INOVALYS","Triflusulfuron méthyl"
"638","LC/MS/MS INOVALYS","Trifloxystrobine"
"639","LC/MS/MS INOVALYS","Tribénuron méthyl"
"640","LC/MS/MS INOVALYS","Zoxamide"
"641","LC/MS/MS INOVALYS","Triasulfuron"
"642","LC/MS/MS INOVALYS","Triallate"
"643","LC/MS/MS INOVALYS","Triadiménol"
"644","LC/MS/MS INOVALYS","Triadiméfon"
"645","LC/MS/MS INOVALYS","Thiodicarbe"
"646","LC/MS/MS INOVALYS","Thifensulfuron méthyl"
"647","LC/MS/MS INOVALYS","Thiametoxam"
"648","LC/MS/MS INOVALYS","Thiaclopride"
"649","LC/MS/MS INOVALYS","Thiabendazole"
"650","LC/MS/MS INOVALYS","Tétraconazole"
"651","LC/MS/MS INOVALYS","Terbutryne"
"652","LC/MS/MS INOVALYS","Terbuthylazine hydroxy"
"653","LC/MS/MS INOVALYS","Terbuthylazine deséthyl (= DETA)"
"654","LC/MS/MS INOVALYS","Terbuthylazine"
"655","LC/MS/MS INOVALYS","Terbuméton déséthyl"
"656","LC/MS/MS INOVALYS","Terbuméton"
"657","LC/MS/MS INOVALYS","Tébuthiuron"
"658","LC/MS/MS INOVALYS","Tébutame"
"659","LC/MS/MS INOVALYS","Tébufenpyrad"
"660","LC/MS/MS INOVALYS","Tébufénozide"
"661","LC/MS/MS INOVALYS","Tébuconazole"
"662","LC/MS/MS INOVALYS","Sulfotep"
"663","LC/MS/MS INOVALYS","Sulfosulfuron"
"664","LC/MS/MS INOVALYS","Spirotétramat"
"665","LC/MS/MS INOVALYS","Simétryne"
"666","LC/MS/MS INOVALYS","Simazine hydroxy"
"667","LC/MS/MS INOVALYS","Simazine"
"668","LC/MS/MS INOVALYS","Silthiopham"
"669","LC/MS/MS INOVALYS","Siduron"
"670","LC/MS/MS INOVALYS","Secbuméton"
"671","LC/MS/MS INOVALYS","Sébutylazine"
"672","LC/MS/MS INOVALYS","Roténone"
"673","LC/MS/MS INOVALYS","Rimsulfuron"
"674","LC/MS/MS INOVALYS","Quizalofop éthyl (dont Quizalop P"
"675","LC/MS/MS INOVALYS","Pyroxsulame"
"676","LC/MS/MS INOVALYS","Pyrimicarbe (=Pirimicarb)"
"677","LC/MS/MS INOVALYS","Pyriméthanil"
"678","LC/MS/MS INOVALYS","Pyrifénox"
"679","LC/MS/MS INOVALYS","Pyridate"
"680","LC/MS/MS INOVALYS","Pyridafol"
"681","LC/MS/MS INOVALYS","Pyrazophos"
"682","LC/MS/MS INOVALYS","Pyraclostrobine"
"683","LC/MS/MS INOVALYS","Pymétrozine"
"684","LC/MS/MS INOVALYS","Prosulfocarbe"
"685","LC/MS/MS INOVALYS","Propyzamide"
"686","LC/MS/MS INOVALYS","Propoxur"
"687","LC/MS/MS INOVALYS","Propiconazole"
"688","LC/MS/MS INOVALYS","Propetamphos"
"689","LC/MS/MS INOVALYS","Propazine"
"690","LC/MS/MS INOVALYS","Propaquizafop"
"691","LC/MS/MS INOVALYS","Propanil (= propanamide)"
"692","LC/MS/MS INOVALYS","Propamocarbe HCl"
"693","LC/MS/MS INOVALYS","Propamocarbe"
"694","LC/MS/MS INOVALYS","Propachlore"
"695","LC/MS/MS INOVALYS","Prométryne"
"696","LC/MS/MS INOVALYS","Prométon"
"697","LC/MS/MS INOVALYS","Profenophos"
"698","LC/MS/MS INOVALYS","Prochloraze"
"699","LC/MS/MS INOVALYS","Primisulfuron méthyl"
"700","LC/MS/MS INOVALYS","Pinoxaden"
"701","LC/MS/MS INOVALYS","Picoxystrobine"
"702","LC/MS/MS INOVALYS","Picolinafen"
"703","LC/MS/MS INOVALYS","Phoxime"
"704","LC/MS/MS INOVALYS","Phosphamidon"
"705","LC/MS/MS INOVALYS","Phenthoate"
"706","LC/MS/MS INOVALYS","Péthoxamide"
"707","LC/MS/MS INOVALYS","Pencycuron"
"708","LC/MS/MS INOVALYS","Penconazole"
"709","LC/MS/MS INOVALYS","Paraoxon méthyl"
"710","LC/MS/MS INOVALYS","Oxydéméton méthyl (= Dém. S Mét."
"711","LC/MS/MS INOVALYS","Oxamyl"
"712","LC/MS/MS INOVALYS","Oxadixyl"
"713","LC/MS/MS INOVALYS","Ométhoate"
"714","LC/MS/MS INOVALYS","Ofurace"
"715","LC/MS/MS INOVALYS","Norflurazon desméthyl"
"716","LC/MS/MS INOVALYS","Norflurazon"
"717","LC/MS/MS INOVALYS","NICOS"
"718","LC/MS/MS INOVALYS","Néburon"
"719","LC/MS/MS INOVALYS","Napropamide"
"720","LC/MS/MS INOVALYS","Myclobutanil"
"721","LC/MS/MS INOVALYS","Monuron"
"722","LC/MS/MS INOVALYS","Monolinuron"
"723","LC/MS/MS INOVALYS","Monocrotophos"
"724","Méthode inconnue liquide","O2_insitu"
"725","Méthode inconnue liquide","Phosphore total"
"726","Méthode inconnue liquide","Phosphates"
"727","ICP-MS 2017/20xx-1","Mn_F0.45um"
"728","ICP-MS 2017/20xx-1","Sb_F0.45um"
"729","ICP-MS 2017/20xx-1","Tl_F0.45um"
"730","ICP-MS 2017/20xx-1","Pd_F0.45um"
"731","SBSE/GC/MS/MS INOVALYS","Ethofumésate"
"732","SBSE/GC/MS/MS INOVALYS","Ethion (=diéthion)"
"733","SBSE/GC/MS/MS INOVALYS","Endrine"
"734","SBSE/GC/MS/MS INOVALYS","Endosulfan sulfate"
"735","SBSE/GC/MS/MS INOVALYS","Endosulfan II (bêta)"
"736","SBSE/GC/MS/MS INOVALYS","Endosulfan I (alpha)"
"737","SBSE/GC/MS/MS INOVALYS","Endosulfan (somme alpha + bêta)"
"738","SBSE/GC/MS/MS INOVALYS","Disulfoton"
"739","SBSE/GC/MS/MS INOVALYS","Dieldrine"
"740","SBSE/GC/MS/MS INOVALYS","Dicofol (op'+pp')"
"741","SBSE/GC/MS/MS INOVALYS","Diclofop méthyl"
"742","SBSE/GC/MS/MS INOVALYS","Dichlorvos"
"743","SBSE/GC/MS/MS INOVALYS","Dichlofenthion"
"744","SBSE/GC/MS/MS INOVALYS","Dichlobenil"
"745","SBSE/GC/MS/MS INOVALYS","Diazinon"
"746","SBSE/GC/MS/MS INOVALYS","Deltaméthrine"
"747","SBSE/GC/MS/MS INOVALYS","DDT 4.4 (pp')"
"748","SBSE/GC/MS/MS INOVALYS","DDT 2.4 (op')"
"749","SBSE/GC/MS/MS INOVALYS","DDE 4.4 (pp')"
"750","SBSE/GC/MS/MS INOVALYS","DDE 2.4 (op')"
"751","SBSE/GC/MS/MS INOVALYS","DDD 4.4 (pp')"
"752","SBSE/GC/MS/MS INOVALYS","DDD 2.4 (op')"
"753","SBSE/GC/MS/MS INOVALYS","Cyperméthrine (dont alphaméthrine)"
"754","SBSE/GC/MS/MS INOVALYS","Cyfluthrine"
"755","SBSE/GC/MS/MS INOVALYS","Clodinafop propargyl"
"756","SBSE/GC/MS/MS INOVALYS","Chlortiamide"
"757","SBSE/GC/MS/MS INOVALYS","Chlorthal diméthyl"
"758","SBSE/GC/MS/MS INOVALYS","Chlorpyrifos méthyl"
"759","SBSE/GC/MS/MS INOVALYS","Chlorpyrifos éthyl"
"760","SBSE/GC/MS/MS INOVALYS","Chlorprophame (CIPC)"
"761","SBSE/GC/MS/MS INOVALYS","Chlorothalonil (TCPN)"
"762","SBSE/GC/MS/MS INOVALYS","Chloronèbe"
"763","SBSE/GC/MS/MS INOVALYS","Chloro 4 méthylphénol 2"
"764","SBSE/GC/MS/MS INOVALYS","Chlormephos"
"765","SBSE/GC/MS/MS INOVALYS","Chlorfenvinphos (Z+E)"
"766","SBSE/GC/MS/MS INOVALYS","Chlordane oxy"
"767","SBSE/GC/MS/MS INOVALYS","Chlordane gamma (trans)"
"768","SBSE/GC/MS/MS INOVALYS","Chlordane alpha (cis)"
"769","SBSE/GC/MS/MS INOVALYS","Chlordane (cis+trans)"
"770","SBSE/GC/MS/MS INOVALYS","Carbophénothion éthyl"
"771","SBSE/GC/MS/MS INOVALYS","Butoxyde de pipéronyl"
"772","SBSE/GC/MS/MS INOVALYS","Bromophos méthyl"
"773","SBSE/GC/MS/MS INOVALYS","Bromophos éthyl"
"774","SBSE/GC/MS/MS INOVALYS","Bixafen"
"775","SBSE/GC/MS/MS INOVALYS","Bioresméthrine"
"776","SBSE/GC/MS/MS INOVALYS","Bifenthrine"
"777","SBSE/GC/MS/MS INOVALYS","Bifénox"
"778","SBSE/GC/MS/MS INOVALYS","Benoxacor"
"779","SBSE/GC/MS/MS INOVALYS","Benfluraline"
"780","SBSE/GC/MS/MS INOVALYS","Azinphos méthyl"
"781","SBSE/GC/MS/MS INOVALYS","Azinphos éthyl"
"782","SBSE/GC/MS/MS INOVALYS","Anthraquinone"
"783","SBSE/GC/MS/MS INOVALYS","Aldrine"
"784","SBSE/GC/MS/MS INOVALYS","Alachlore"
"785","SBSE/GC/MS/MS INOVALYS","Acrinathrine"
"786","SBSE/GC/MS/MS INOVALYS","Aclonifen"
"787","SBSE/GC/MS/MS INOVALYS","2.6 Diéthylaniline"
"788","SBSE/GC/MS/MS INOVALYS","2.4 D isopropyl ester"
"789","SBSE/GC/MS/MS INOVALYS","Biphényl"
"790","SBSE/GC/MS/MS INOVALYS","PCB31"
"791","SBSE/GC/MS/MS INOVALYS","Pyrène"
"792","SBSE/GC/MS/MS INOVALYS","Phénanthrène"
"793","SBSE/GC/MS/MS INOVALYS","Naphtalène"
"794","SBSE/GC/MS/MS INOVALYS","Méthyl (2) Naphtalène"
"795","SBSE/GC/MS/MS INOVALYS","Méthyl (2) Fluoranthène"
"796","SBSE/GC/MS/MS INOVALYS","Indèno (1,2,3-cd) pyrène"
"797","SBSE/GC/MS/MS INOVALYS","Fluorène"
"798","SBSE/GC/MS/MS INOVALYS","Fluoranthène"
"799","SBSE/GC/MS/MS INOVALYS","Dibenzo (ah) anthracène"
"800","SBSE/GC/MS/MS INOVALYS","Chrysène"
"801","SBSE/GC/MS/MS INOVALYS","Benzo (11,12)(k) fluoranthène"
"802","SBSE/GC/MS/MS INOVALYS","Benzo (1,12)(ghi) pérylène"
"803","SBSE/GC/MS/MS INOVALYS","Benzo (3,4)(b) fluoranthène"
"804","SBSE/GC/MS/MS INOVALYS","Benzo (j) fluoranthène"
"805","SBSE/GC/MS/MS INOVALYS","Benzo (3,4)(a) pyrène"
"806","SBSE/GC/MS/MS INOVALYS","Benzo (a) anthracène"
"807","SBSE/GC/MS/MS INOVALYS","Anthracène"
"808","SBSE/GC/MS/MS INOVALYS","Acénaphtylène"
"809","SBSE/GC/MS/MS INOVALYS","Acénaphtène"
"810","GC/MS/MS_Sol","Biphényl solide"
"811","GC/MS/MS_Sol","PCB194_sol"
"812","Calcul","Somme 7 PCB (28+52+101+118+138+153+180) solide"
"813","Calcul","Somme des HPA solide"
"814","SBSE/GC/MS/MS INOVALYS","Trichlorfon"
"815","SBSE/GC/MS/MS INOVALYS","Triazophos"
"816","SBSE/GC/MS/MS INOVALYS","Tralométrine"
"817","SBSE/GC/MS/MS INOVALYS","Tolylfluanide"
"818","SBSE/GC/MS/MS INOVALYS","Tolchlofos méthyl"
"819","SBSE/GC/MS/MS INOVALYS","Tétraméthrine"
"820","SBSE/GC/MS/MS INOVALYS","Tétradifon"
"821","SBSE/GC/MS/MS INOVALYS","Tétrachlorvinphos"
"822","SBSE/GC/MS/MS INOVALYS","Terbuphos"
"823","SBSE/GC/MS/MS INOVALYS","Téfluthrine"
"824","SBSE/GC/MS/MS INOVALYS","Tau fluvalinate (I & II)"
"825","SBSE/GC/MS/MS INOVALYS","Quinoxyfen"
"826","SBSE/GC/MS/MS INOVALYS","Quinalphos"
"827","SBSE/GC/MS/MS INOVALYS","Pyrimiphos méthyl"
"828","SBSE/GC/MS/MS INOVALYS","Pyrimiphos éthyl"
"829","SBSE/GC/MS/MS INOVALYS","Pyridabène"
"830","SBSE/GC/MS/MS INOVALYS","Pyraflufen éthyl"
"831","SBSE/GC/MS/MS INOVALYS","Propargite"
"832","SBSE/GC/MS/MS INOVALYS","Procymidone"
"833","SBSE/GC/MS/MS INOVALYS","Phosalone"
"834","SBSE/GC/MS/MS INOVALYS","Phorate"
"835","SBSE/GC/MS/MS INOVALYS","Perméthrine (cis+trans)"
"836","SBSE/GC/MS/MS INOVALYS","Pentachlorobenzène"
"837","SBSE/GC/MS/MS INOVALYS","Pendiméthaline"
"838","SBSE/GC/MS/MS INOVALYS","Parathion méthyl"
"839","SBSE/GC/MS/MS INOVALYS","Parathion éthyl"
"840","SBSE/GC/MS/MS INOVALYS","Paclobutrazole"
"841","SBSE/GC/MS/MS INOVALYS","Oxyfluorfène"
"842","SBSE/GC/MS/MS INOVALYS","Oxadiazon"
"843","SBSE/GC/MS/MS INOVALYS","Oxadiargyl"
"844","SBSE/GC/MS/MS INOVALYS","Nuarimol"
"845","SBSE/GC/MS/MS INOVALYS","Nonachlore ( trans)"
"846","SBSE/GC/MS/MS INOVALYS","Mirex (= Perchlordecone)"
"847","SBSE/GC/MS/MS INOVALYS","Métoxychlore"
"848","SBSE/GC/MS/MS INOVALYS","Méthacriphos"
"849","SBSE/GC/MS/MS INOVALYS","Mefenpyr diéthyl"
"850","SBSE/GC/MS/MS INOVALYS","Malathion"
"851","SBSE/GC/MS/MS INOVALYS","Lindane (=HCH gamma)"
"852","SBSE/GC/MS/MS INOVALYS","Lambda Cyhalothrine"
"853","SBSE/GC/MS/MS INOVALYS","Krésoxim méthyl"
"854","SBSE/GC/MS/MS INOVALYS","Isophenphos"
"855","SBSE/GC/MS/MS INOVALYS","Isodrine"
"856","SBSE/GC/MS/MS INOVALYS","Iodofenphos"
"857","SBSE/GC/MS/MS INOVALYS","Hexachlorobutadiène 1.3"
"858","SBSE/GC/MS/MS INOVALYS","Heptachlore epoxyde (Trans)"
"859","SBSE/GC/MS/MS INOVALYS","Heptachlore epoxyde (Cis)"
"860","SBSE/GC/MS/MS INOVALYS","Heptachlore"
"861","SBSE/GC/MS/MS INOVALYS","HCH epsilon"
"862","SBSE/GC/MS/MS INOVALYS","HCH delta"
"863","SBSE/GC/MS/MS INOVALYS","HCH bêta"
"864","SBSE/GC/MS/MS INOVALYS","HCH alpha"
"865","SBSE/GC/MS/MS INOVALYS","HCH (somme"
"866","SBSE/GC/MS/MS INOVALYS","HCB (Hexachlorobenzene)"
"867","SBSE/GC/MS/MS INOVALYS","Fonofos"
"868","SBSE/GC/MS/MS INOVALYS","Fluroxypyr méthyl heptyl ester"
"869","SBSE/GC/MS/MS INOVALYS","Flurochloridone"
"870","SBSE/GC/MS/MS INOVALYS","Flumioxazine"
"871","SBSE/GC/MS/MS INOVALYS","Fludioxonil"
"872","SBSE/GC/MS/MS INOVALYS","Fipronil sulfone"
"873","SBSE/GC/MS/MS INOVALYS","Fipronil"
"874","SBSE/GC/MS/MS INOVALYS","Fenvalerate"
"875","SBSE/GC/MS/MS INOVALYS","Fenthion"
"876","SBSE/GC/MS/MS INOVALYS","Fenpropathrine"
"877","SBSE/GC/MS/MS INOVALYS","Fénoxaprop éthyl (dont Fénoxaprop P"
"878","SBSE/GC/MS/MS INOVALYS","Fenitrothion"
"879","SBSE/GC/MS/MS INOVALYS","Fenchlorphos"
"880","SBSE/GC/MS/MS INOVALYS","Famoxadone"
"881","SBSE/GC/MS/MS INOVALYS","Etrimfos"
"882","SBSE/GC/MS/MS INOVALYS","Etofenprox"
"883","Eau régale + micro-ondes + ICP-MS","Pt_sol"
"884","LC/MS/MS INOVALYS","Molinate"
"885","LC/MS/MS INOVALYS","Mévinphos (Z+E)"
"886","LC/MS/MS INOVALYS","Metsulfuron méthyl"
"887","LC/MS/MS INOVALYS","Métribuzine"
"888","LC/MS/MS INOVALYS","Métrafénone"
"889","LC/MS/MS INOVALYS","Métoxuron"
"890","LC/MS/MS INOVALYS","Métosulam"
"891","LC/MS/MS INOVALYS","Métolachlore (dont S Métolachlore)"
"892","LC/MS/MS INOVALYS","Métobromuron"
"893","LC/MS/MS INOVALYS","Méthomyl"
"894","LC/MS/MS INOVALYS","Méthidathion"
"895","LC/MS/MS INOVALYS","Méthamidophos"
"896","LC/MS/MS INOVALYS","Méthabenzthiazuron"
"897","LC/MS/MS INOVALYS","Metconazole"
"898","LC/MS/MS INOVALYS","Métazachlore"
"899","LC/MS/MS INOVALYS","Métamitrone"
"900","LC/MS/MS INOVALYS","Métalaxyl (dont Métalaxyl M ="
"901","LC/MS/MS INOVALYS","Mésosulfuron méthyl"
"902","LC/MS/MS INOVALYS","Mercaptodiméthur (= Méthiocarbe)"
"903","LC/MS/MS INOVALYS","Mépronil"
"904","LC/MS/MS INOVALYS","Mépanipyrim"
"905","LC/MS/MS INOVALYS","Méfénacet"
"906","LC/MS/MS INOVALYS","Mandipropamide"
"907","LC/MS/MS INOVALYS","Linuron"
"908","LC/MS/MS INOVALYS","Lénacile"
"909","LC/MS/MS INOVALYS","Isoxadifen éthyl"
"910","LC/MS/MS INOVALYS","Isoxaben"
"911","LC/MS/MS INOVALYS","Isoproturon"
"912","LC/MS/MS INOVALYS","Iodosulfuron méthyl"
"913","LC/MS/MS INOVALYS","Imidaclopride"
"914","LC/MS/MS INOVALYS","Imazaméthabenz méthyl"
"915","LC/MS/MS INOVALYS","Imazalil"
"916","LC/MS/MS INOVALYS","Héxythiazox"
"917","LC/MS/MS INOVALYS","Hexazinone"
"918","LC/MS/MS INOVALYS","Héxaconazole"
"919","LC/MS/MS INOVALYS","Hepténophos"
"920","LC/MS/MS INOVALYS","Haloxyfop méthyl (dont Haloxyfop P"
"921","LC/MS/MS INOVALYS","Furathiocarbe"
"922","LC/MS/MS INOVALYS","Furalaxyl (dont Furalaxyl M)"
"923","LC/MS/MS INOVALYS","Formothion"
"924","LC/MS/MS INOVALYS","Foramsulfuron"
"925","LC/MS/MS INOVALYS","Flurtamone"
"926","LC/MS/MS INOVALYS","Flutriafol"
"927","LC/MS/MS INOVALYS","Flusilazole"
"928","LC/MS/MS INOVALYS","Fluquinconazole"
"929","LC/MS/MS INOVALYS","Flupyrsulfuron méthyl"
"930","LC/MS/MS INOVALYS","Fluoxastrobine"
"931","LC/MS/MS INOVALYS","Fluopicolide"
"932","LC/MS/MS INOVALYS","Fluométuron"
"933","LC/MS/MS INOVALYS","Flufénacet (= Fluthiamide)"
"934","LC/MS/MS INOVALYS","Fluazifop butyl (dont fluazifop P butyl)"
"935","LC/MS/MS INOVALYS","Flazasulfuron"
"936","LC/MS/MS INOVALYS","Fénuron"
"937","LC/MS/MS INOVALYS","Fenpropimorphe"
"938","LC/MS/MS INOVALYS","Fenpropidine"
"939","LC/MS/MS INOVALYS","Fénoxycarbe"
"940","LC/MS/MS INOVALYS","Fenhexamide"
"941","LC/MS/MS INOVALYS","Fenbuconazole"
"942","LC/MS/MS INOVALYS","Fénarimol"
"943","LC/MS/MS INOVALYS","Fénamidone (= fénomen)"
"944","LC/MS/MS INOVALYS","Ethoprophos"
"945","LC/MS/MS INOVALYS","Ethiophencarbe"
"946","LC/MS/MS INOVALYS","Ethidimuron"
"947","LC/MS/MS INOVALYS","EPTC"
"948","LC/MS/MS INOVALYS","Epoxyconazole"
"949","LC/MS/MS INOVALYS","DMST (= N.N-diméthyl-N'-p-"
"950","LC/MS/MS INOVALYS","Diuron"
"951","LC/MS/MS INOVALYS","Diniconazole"
"952","LC/MS/MS INOVALYS","Dimétilan"
"953","LC/MS/MS INOVALYS","Diméthomorphe"
"954","LC/MS/MS INOVALYS","Diméthoate"
"955","LC/MS/MS INOVALYS","Diméthénamid (dont diméthénamid P)"
"956","LC/MS/MS INOVALYS","Diméthachlore"
"957","LC/MS/MS INOVALYS","Diméfuron"
"958","LC/MS/MS INOVALYS","Diflufénicanil"
"959","LC/MS/MS INOVALYS","Diflubenzuron"
"960","LC/MS/MS INOVALYS","Difénoconazole"
"961","LC/MS/MS INOVALYS","Diéthofencarbe"
"962","LC/MS/MS INOVALYS","Diclobutrazol"
"963","LC/MS/MS INOVALYS","Diallate"
"964","LC/MS/MS INOVALYS","Desméthylisoproturon (= 1 (4-"
"965","LC/MS/MS INOVALYS","Desméthylchlortoluron (= 1 (3 chloro 4"
"966","LC/MS/MS INOVALYS","Déméthon s méthyl sulfone"
"967","LC/MS/MS INOVALYS","Cyromazine"
"968","LC/MS/MS INOVALYS","Cyprosulfamide"
"969","LC/MS/MS INOVALYS","Cyprodinil"
"970","LC/MS/MS INOVALYS","Cyproconazole"
"971","LC/MS/MS INOVALYS","Cyflufénamide"
"972","LC/MS/MS INOVALYS","Cycluron"
"973","LC/MS/MS INOVALYS","Cybutryne ( = Irgarol)"
"974","LC/MS/MS INOVALYS","Cyazofamide"
"975","LC/MS/MS INOVALYS","Cyanazine"
"976","LC/MS/MS INOVALYS","Coumaphos"
"977","LC/MS/MS INOVALYS","Chlothianidine"
"978","LC/MS/MS INOVALYS","Cloquintocet méxyl"
"979","LC/MS/MS INOVALYS","Clomazone"
"980","LC/MS/MS INOVALYS","Clofentézine"
"981","LC/MS/MS INOVALYS","Chlortoluron"
"982","LC/MS/MS INOVALYS","Chlorsulfuron"
"983","LC/MS/MS INOVALYS","Chloroxuron"
"984","LC/MS/MS INOVALYS","Chloridazone (= Pyrazon)"
"985","LC/MS/MS INOVALYS","Carfentrazone éthyl"
"986","LC/MS/MS INOVALYS","Carboxine"
"987","LC/MS/MS INOVALYS","Carbofuran 3-Hydroxy"
"988","LC/MS/MS INOVALYS","Carbofuran"
"989","LC/MS/MS INOVALYS","Carbétamide"
"990","LC/MS/MS INOVALYS","Carbendazime"
"991","LC/MS/MS INOVALYS","Carbaryl"
"992","LC/MS/MS INOVALYS","Cadusafos"
"993","LC/MS/MS INOVALYS","Buturon"
"994","LC/MS/MS INOVALYS","Butraline"
"995","LC/MS/MS INOVALYS","Buprofézine"
"996","LC/MS/MS INOVALYS","Bupirimate"
"997","LC/MS/MS INOVALYS","Bromuconazole"
"998","LC/MS/MS INOVALYS","Boscalid =(Nicobifen)"
"999","LC/MS/MS INOVALYS","Bitertanol"
"1000","LC/MS/MS INOVALYS","Benthiocarbe (=Thiobencarbe)"
"1001","LC/MS/MS INOVALYS","Benfuracarbe"
"1002","LC/MS/MS INOVALYS","Bendiocarbe"
"1003","LC/MS/MS INOVALYS","Bénalaxyl (dont Bénalaxyl M)"
"1004","LC/MS/MS INOVALYS","Béflubutamide"
"1005","LC/MS/MS INOVALYS","Azoxystrobine"
"1006","LC/MS/MS INOVALYS","Azaméthiphos"
"1007","LC/MS/MS INOVALYS","Azaconazole"
"1008","LC/MS/MS INOVALYS","Atrazine déséthyl (DEA)"
"1009","LC/MS/MS INOVALYS","Atrazine désisopropyl (= DIA ou"
"1010","LC/MS/MS INOVALYS","Atrazine déséthyl 2 hydroxy"
"1011","LC/MS/MS INOVALYS","Atrazine 2 hydroxy"
"1012","LC/MS/MS INOVALYS","Atrazine"
"1013","LC/MS/MS INOVALYS","Amidosulfuron"
"1014","LC/MS/MS INOVALYS","Amétryne"
"1015","LC/MS/MS INOVALYS","Aldicarbe sulfoxyde"
"1016","LC/MS/MS INOVALYS","Aldicarbe sulfone"
"1017","LC/MS/MS INOVALYS","Aldicarbe"
"1018","LC/MS/MS INOVALYS","Acibenzolar s méthyl"
"1019","LC/MS/MS INOVALYS","Acétochlore"
"1020","LC/MS/MS INOVALYS","Acétamipride"
"1021","LC/MS/MS INOVALYS","2.6 Dichlorobenzamide"
"1022","LC/MS/MS INOVALYS","2 Chloro N (2.6 DiEthylPhényl)"
"1023","LC/MS/MS INOVALYS","2 amino N isopropylbenzamide"
"1024","LC/MS/MS INOVALYS","1 (4 isopropylphényl) urée (=IPPU)"
"1025","LC/MS/MS INOVALYS","1 (3.4 DiChloroPhényl) Urée (= DCPU)"
"1026","LC/MS/MS INOVALYS","1 (3.4 DiChloroPhényl) 3 MéthylUrée"
"1027","SBSE/GC/MS/MS INOVALYS","Vinchlozoline"
"1028","SBSE/GC/MS/MS INOVALYS","Trifluraline"
"1029","LC/MS/MS INOVALYS","Desmetryne"
"1030","ICP-1","Zn_f0.45um"
"1031","ICP-1","Zn"
"1032","ICP-1","As_F0.45um"
"1033","ICP-1","Zn_F0.45um"
"1034","ICP-MS 2008/2016","Pt_F0.45um"
"1035","ICP-MS 2017/20xx-2","Rh_sol"
"1036","ICP-MS 2017/20xx-2","Pd_sol"
"1037","ICP-MS 2017/20xx-2","Pt_sol"
"1038","Granulométrie à diffraction laser-1","Granulo_D10"
"1039","Granulométrie à diffraction laser-1","Granulo_D50"
"1040","Granulométrie à diffraction laser-1","Granulo_D90"
"1041","Méthode inconnue liquide","Carbone organique dissous"
"1042","Calcul","para_test_LP"
"1043","ICP-OES-1","Hg_f8um"
"1044","GC/MS","Bromodichlorométhane"
"1045","CPG/MS-1","Bromodichlorométhane"
"1046","SBSE/GC/MS/MS INOVALYS","PCB n°28"
"1047","SBSE/GC/MS/MS INOVALYS","PCB n°118"
"1048","SBSE/GC/MS/MS INOVALYS","PCB n°153"
"1049","SBSE/GC/MS/MS INOVALYS","PCB n°194"
"1050","SBSE/GC/MS/MS INOVALYS","PCB n°180"
"1051","SBSE/GC/MS/MS INOVALYS","PCB n°138"
"1052","SBSE/GC/MS/MS INOVALYS","PCB n°101"
"1053","SBSE/GC/MS/MS INOVALYS","PCB n°52"
"1054","GC/MS","Dichlorobenzène 1,2"
"1055","GC/MS","Dibromométhane"
"1056","GC/MS","Dibromoéthane 1,2"
"1057","GC/MS","Chlorure de vinyle (= chloroét(yl)ène)"
"1058","GC/MS","Chlorotoluène 4"
"1059","GC/MS","Chlorotoluène 3"
"1060","GC/MS","Chlorotoluène 2"
"1061","GC/MS","Chloropro(yl)ène 3 (= chlorure d'allyle)"
"1062","GC/MS","Chloroprène (= 2 chloro-1,3 butadiène)"
"1063","GC/MS","Chlorobenzène"
"1064","GC/MS","Bromochlorométhane"
"1065","Coulométrire","AOX"
"1066","GC/MS","Triméthylbenzène 1,3,5"
"1067","GC/MS","Triméthylbenzène 1,2,4"
"1068","GC/MS","Triméthylbenzène 1,2,3"
"1069","GC/MS","Trichlorotrifluoroéthane (= fréon 113)"
"1070","GC/MS","Trichloropropane 1,2,3"
"1071","GC/MS","Trichlorobenzènes (somme des"
"1072","GC/MS","Trichlorobenzène 1,3,5"
"1073","GC/MS","Trichlorobenzène 1,2,4"
"1074","GC/MS","Trichlorobenzène 1,2,3"
"1075","GC/MS","Tétrachloroéthane 1,1,2,2"
"1076","GC/MS","Tétrachloroéthane 1,1,1,2"
"1077","GC/MS","Tétrachlorobenzène 1,2,4,5"
"1078","GC/MS","Tétrachlorobenzène 1,2,3,5"
"1079","GC/MS","Tétrachlorobenzène 1,2,3,4"
"1080","GC/MS","Styrène"
"1081","GC/MS","Méthyl Tert-Butyl Ether (= MTBE)"
"1082","GC/MS","Isopropylbenzène (= Cumène)"
"1083","GC/MS","Hexachloroéthane"
"1084","GC/MS","Hexachlorobutadiène 1.3"
"1085","GC/MS","Dichloropropane 1,3"
"1086","GC/MS","Dichloropropane 1,2"
"1087","GC/MS","Dichloroprop(yl)ène 2,3"
"1088","GC/MS","Dichloroéthane 1,1"
"1089","GC/MS","Dichloroéth(yl)ène 1,2-trans"
"1090","GC/MS","Dichloroéth(yl)ène 1,2-cis"
"1091","GC/MS","Dichloroéth(yl)ène 1,1"
"1092","GC/MS","Dichloroét(yl)ène 1,2 (cis+trans)"
"1093","GC/MS","Dichlorobenzènes (somme des"
"1094","GC/MS","Dichlorobenzène 1,4"
"1095","GC/MS","Dichlorobenzène 1,3"
"1096","LC/MS/MS INOVALYS","GLUFO"
"1097","LC/MS/MS INOVALYS","Glufosinate (y compris sulfosate)"
"1098","LC/MS/MS INOVALYS","AMPA"
"1099","LC/MS/MS INOVALYS","PROTH"
"1100","SBSE/GC/MS/MS INOVALYS","THIOM"
"1101","SBSE/GC/MS/MS INOVALYS","PROPH"
"1102","SBSE/GC/MS/MS INOVALYS","IOXYO"
"1103","LC/MS/MS ICPEES","Pymetrozine solide"
"1104","LC/MS/MS ICPEES","Carbendazim solide"
"1105","LC/MS/MS ICPEES","Chloridazone solide"
"1106","LC/MS/MS ICPEES","Acetamiprid solide"
"1107","LC/MS/MS ICPEES","Nicosulfuron solide"
"1108","LC/MS/MS ICPEES","Carbetamide solide"
"1109","LC/MS/MS ICPEES","Thiacloprid solide"
"1110","LC/MS/MS ICPEES","Foramsulfuron solide"
"1111","LC/MS/MS ICPEES","Fluroxypyr"
"1112","LC/MS/MS ICPEES","Terbutryn solide"
"1113","LC/MS/MS ICPEES","Spinosade A solide"
"1114","LC/MS/MS ICPEES","Sulcotrione"
"1115","LC/MS/MS ICPEES","Chlortoluron solide"
"1116","LC/MS/MS ICPEES","Spinosade D solide"
"1117","LC/MS/MS ICPEES","Metalaxyl-M solide"
"1118","LC/MS/MS ICPEES","DPMU"
"1119","LC/MS/MS ICPEES","Isoproturon solide"
"1120","LC/MS/MS ICPEES","Diuron solide"
"1121","LC/MS/MS ICPEES","Dimethenanid-p solide"
"1122","LC/MS/MS ICPEES","Epoxyconazole solide"
"1123","LC/MS/MS ICPEES","Triflusulfuron methyl solide"
"1124","LC/MS/MS ICPEES","Tebuconazole solide"
"1125","LC/MS/MS ICPEES","Penconazole solide"
"1126","LC/MS/MS ICPEES","Diflubenzuron solide"
"1127","LC/MS/MS ICPEES","Prothioconazole"
"1128","LC/MS/MS ICPEES","Propiconazole solide"
"1129","LC/MS/MS ICPEES","Chlorfenvinphos solide"
"1130","LC/MS/MS ICPEES","Cyazofamid"
"1131","LC/MS/MS ICPEES","Isoxadifen solide"
"1132","LC/MS/MS ICPEES","Pyraclostrobine solide"
"1133","LC/MS/MS ICPEES","Diflufenican solide"
"1134","LC/MS/MS ICPEES","Lufenuron solide"
"1135","LC/MS/MS ICPEES","Flufenoxur_sol"
"1136","LC/MS/MS ICPEES","Pendimethalin solide"
"1137","SBSE/GC/MS/MS INOVALYS","FENOTHR"
"1138","SBSE/GC/MS/MS INOVALYS","FENAZ"
"1139","SBSE/GC/MS/MS INOVALYS","ISOANIL4"
"1140","SBSE/GC/MS/MS INOVALYS","24DME"
"1141","LC/MS/MS INOVALYS","TRIETDES"
"1142","LC/MS/MS ICPEES","AMPA"
"1143","LC/MS/MS ICPEES","Glufosinate"
"1144","LC/MS/MS ICPEES","Glyphosate"
"1145","Analyse en flux pour indice phénol-1","Phénol"
"1146","Détermination du pH","pH_labo"
"1147","LC/MS/MS INOVALYS","DIDAT"
"1148","LC/MS/MS INOVALYS","FLUTO"
"1149","LC/MS/MS INOVALYS","IMZBE"
"1150","LC/MS/MS INOVALYS","IPROV"
"1151","LC/MS/MS INOVALYS","TITCNZ"
"1152","Potentiométrie Sulfure","Sulfures"
"1153","Méthode inconnue liquide","EC_25C_labo"
"1154","Générique","Couleur_insitu"
"1155","LC/MS/MS INOVALYS","FLOAMD"
